﻿<?xml version="1.0" encoding="utf-8" ?>
<Defs>

	<ThingDef ParentName="BuildingBase">
		<defName>CIWS1130A</defName>
		<label>H/PJ-A型末端防御塔</label>
		<thingClass>Building_TurretGun</thingClass>
		<graphicData>
			<texPath>Things/Building/Security/TurretA</texPath>
			<graphicClass>Graphic_Single</graphicClass>
			<drawSize>(2,2)</drawSize>
			<damageData>
				<rect>(0.2,0.2,0.6,0.6)</rect>
			</damageData>
		</graphicData>
		<uiIconPath>Things/Building/Security/TurretA_UI</uiIconPath>
		<uiIconScale>1.00</uiIconScale>
		<minifiedDef>MinifiedThing</minifiedDef>
		<altitudeLayer>Building</altitudeLayer>
		<stealable>false</stealable>
		<rotatable>false</rotatable>
		<healthAffectsPrice>false</healthAffectsPrice>
		<thingCategories>
			<li>BuildingsSecurity</li>
		</thingCategories>
		<statBases>
			<MaxHitPoints>300</MaxHitPoints>
			<Flammability>0</Flammability>
			<WorkToBuild>2500</WorkToBuild>
			<Mass>120</Mass>
			<Beauty>-10</Beauty>
			<ShootingAccuracyTurret>0.97</ShootingAccuracyTurret>
		</statBases>
		<tickerType>Normal</tickerType>
		<comps>
			<li Class="CompProperties_Explosive">
				<explosiveRadius>1</explosiveRadius>
				<explosiveDamageType>Bomb</explosiveDamageType>
				<chanceNeverExplodeFromDamage>0.5</chanceNeverExplodeFromDamage>
			</li>
			<li Class="CompProperties_Forbiddable"/>
			<li Class="CompProperties_Power">
				<compClass>CompPowerTrader</compClass>
				<basePowerConsumption>1700</basePowerConsumption>
			</li>
			<li Class="CompProperties_Flickable"/>
			<li Class="CompProperties_Breakdownable"/>
			<li Class="CompProperties_Refuelable"><!--消耗弹药-->
				<fuelLabel>弹药数量</fuelLabel>
				<fuelGizmoLabel>弹药数量</fuelGizmoLabel>
				<fuelFilter>
					<thingDefs>
						<li>Steel</li>
					</thingDefs>
				</fuelFilter>
				<fuelCapacity>1000</fuelCapacity><!--弹药总数-->
				<initialFuelPercent>1</initialFuelPercent><!--初始装填率-->
				<autoRefuelPercent>0.75</autoRefuelPercent><!--弹药总量比例-->
				<showFuelGizmo>true</showFuelGizmo>
				<minimumFueledThreshold>1</minimumFueledThreshold><!--最小燃油阈值-->
				<fuelMultiplier>25</fuelMultiplier><!--装填乘数，实际消耗资源=弹药总数×弹药总量比例/装填乘数-->
				<factorByDifficulty>true</factorByDifficulty>
				<consumeFuelOnlyWhenUsed>true</consumeFuelOnlyWhenUsed>
				<outOfFuelMessage>不能射击：需要装弹</outOfFuelMessage>
				<fuelIconPath>UI/Overlays/Barrel</fuelIconPath>
			</li>
		</comps>
		<description>H/PJ-1130A自动末端武器系统，殖民地的最后一层防御。</description>
		<passability>PassThroughOnly</passability>
		<pathCost>50</pathCost>
		<fillPercent>0.4</fillPercent>
		<castEdgeShadows>true</castEdgeShadows>
		<hasTooltip>true</hasTooltip>
		<stuffCategories>
			<li>Metallic</li>
		</stuffCategories>
		<costStuffCount>175</costStuffCount>
		<costList>
			<Steel>350</Steel>
			<ComponentIndustrial>3</ComponentIndustrial>
			<Shimoxi>10</Shimoxi>
		</costList>
		<terrainAffordanceNeeded>Light</terrainAffordanceNeeded>
		<designationCategory>Security</designationCategory>
		<specialDisplayRadius>12</specialDisplayRadius>
		<building>
			<ai_combatDangerous>true</ai_combatDangerous>
			<turretGunDef>HPJ_14A</turretGunDef>
			<turretBurstCooldownTime>0.01</turretBurstCooldownTime>
		</building>
		<placeWorkers>
			<li>PlaceWorker_TurretTop</li>
			<li>PlaceWorker_ShowTurretRadius</li>
		</placeWorkers>
		<researchPrerequisites>
			<li>GunTurrets</li>
		</researchPrerequisites>
	</ThingDef>

	<ThingDef ParentName="BaseBullet">
		<defName>Bullet_30mmapc</defName>
		<label>三十毫米被帽穿甲弹</label>
		<graphicData>
			<texPath>Things/Projectile/Bullet_Small</texPath>
			<graphicClass>Graphic_Single</graphicClass>
		</graphicData>
		<projectile>
			<damageDef>Bullet</damageDef>
			<damageAmountBase>13</damageAmountBase>
			<stoppingPower>1.0</stoppingPower><!--击退最大体型-->
			<armorPenetrationBase>0.35</armorPenetrationBase><!--穿甲率-->
			<speed>130</speed>
		</projectile>
	</ThingDef>

	<ThingDef ParentName="BaseWeaponTurret">
		<defName>HPJ_14A</defName>
		<label>H/PJ-14A型舰炮</label>
		<graphicData>
			<texPath>Things/Building/Security/TurretA_Gun</texPath>
			<graphicClass>Graphic_Single</graphicClass>
		</graphicData>
		<menuHidden>true</menuHidden>
		<description>H/PJ-14A型舰炮。</description>
		<soundInteract>Interact_Rifle</soundInteract>
		<!--<canBeSpawningInventory>false</canBeSpawningInventory>-->
		<tradeability>None</tradeability>
		<destroyOnDrop>true</destroyOnDrop>
		<useHitPoints>false</useHitPoints>
		<statBases>
			<AccuracyTouch>0.99</AccuracyTouch>
			<AccuracyShort>0.95</AccuracyShort>
			<AccuracyMedium>0.90</AccuracyMedium>
			<AccuracyLong>0.90</AccuracyLong>
			<RangedWeapon_Cooldown>0</RangedWeapon_Cooldown>
			<DeteriorationRate>0</DeteriorationRate>
			<Mass>40</Mass>
			<Flammability>0</Flammability>
		</statBases>
		<weaponTags Inherit="false">
			<li>TurretGun</li>
		</weaponTags>
		<verbs>
			<li>
				<verbClass>Verb_Shoot</verbClass>
				<hasStandardCommand>true</hasStandardCommand>
				<defaultProjectile>Bullet_30mmapc</defaultProjectile>
				<warmupTime>0</warmupTime>
				<range>12</range>
				<minRange>0</minRange>
				<ticksBetweenBurstShots>1</ticksBetweenBurstShots>
				<burstShotCount>50</burstShotCount>
				<soundCast>GunShotA</soundCast>
				<soundCastTail>GunTail_Light</soundCastTail>
				<muzzleFlashScale>9</muzzleFlashScale>
				<consumeFuelPerShot>1</consumeFuelPerShot><!--消耗弹药数量-->
			</li>
		</verbs>
	</ThingDef>

	<ThingDef ParentName="BuildingBase">
		<defName>CIWS1130AB</defName>
		<label>H/PJ-A-2型高级防御塔</label>
		<thingClass>Building_TurretGun</thingClass>
		<graphicData>
			<texPath>Things/Building/Security/TurretAB</texPath>
			<graphicClass>Graphic_Single</graphicClass>
			<drawSize>(3,3)</drawSize>
			<damageData>
				<rect>(0.2,0.2,0.6,0.6)</rect>
			</damageData>
		</graphicData>
		<uiIconPath>Things/Building/Security/TurretAB_UI</uiIconPath>
		<uiIconScale>1.00</uiIconScale>
		<minifiedDef>MinifiedThing</minifiedDef>
		<altitudeLayer>Building</altitudeLayer>
		<stealable>false</stealable>
		<rotatable>false</rotatable>
		<healthAffectsPrice>false</healthAffectsPrice>
		<thingCategories>
			<li>BuildingsSecurity</li>
		</thingCategories>
		<statBases>
			<MaxHitPoints>400</MaxHitPoints>
			<Flammability>0</Flammability>
			<WorkToBuild>2500</WorkToBuild>
			<Mass>220</Mass>
			<Beauty>-10</Beauty>
			<ShootingAccuracyTurret>0.988</ShootingAccuracyTurret>
		</statBases>
		<tickerType>Normal</tickerType>
		<comps>
			<li Class="CompProperties_Explosive">
				<explosiveRadius>1</explosiveRadius>
				<explosiveDamageType>Bomb</explosiveDamageType>
				<chanceNeverExplodeFromDamage>0.5</chanceNeverExplodeFromDamage>
			</li>
			<li Class="CompProperties_Forbiddable"/>
			<li Class="CompProperties_Power">
				<compClass>CompPowerTrader</compClass>
				<basePowerConsumption>3500</basePowerConsumption>
			</li>
			<li Class="CompProperties_Flickable"/>
			<li Class="CompProperties_Breakdownable"/>
			<li Class="CompProperties_Refuelable">
				<fuelLabel>弹药数量</fuelLabel>
				<fuelGizmoLabel>弹药数量</fuelGizmoLabel>
				<fuelFilter>
					<thingDefs>
						<li>Steel</li>
					</thingDefs>
				</fuelFilter>
				<fuelCapacity>600</fuelCapacity>
				<initialFuelPercent>1</initialFuelPercent>
				<autoRefuelPercent>0.5</autoRefuelPercent>
				<showFuelGizmo>true</showFuelGizmo>
				<minimumFueledThreshold>1</minimumFueledThreshold>
				<fuelMultiplier>20</fuelMultiplier>
				<factorByDifficulty>true</factorByDifficulty>
				<consumeFuelOnlyWhenUsed>true</consumeFuelOnlyWhenUsed>
				<outOfFuelMessage>不能射击：需要装弹</outOfFuelMessage>
				<fuelIconPath>UI/Overlays/Barrel</fuelIconPath>
			</li>
		</comps>
		<description>H/PJ-1130A-2高级自动武器系统，升级了火控系统，射程大幅度提升，更换伤害更高的脱壳穿甲弹。</description>
		<passability>PassThroughOnly</passability>
		<pathCost>50</pathCost>
		<fillPercent>0.4</fillPercent>
		<castEdgeShadows>true</castEdgeShadows>
		<hasTooltip>true</hasTooltip>
		<stuffCategories>
			<li>Metallic</li>
		</stuffCategories>
		<costStuffCount>575</costStuffCount>
		<costList>
			<Steel>550</Steel>
			<ComponentIndustrial>20</ComponentIndustrial>
			<Shimoxi>50</Shimoxi>
		</costList>
		<terrainAffordanceNeeded>Light</terrainAffordanceNeeded>
		<designationCategory>Security</designationCategory>
		<specialDisplayRadius>35</specialDisplayRadius>
		<building>
			<ai_combatDangerous>true</ai_combatDangerous>
			<turretGunDef>HPJ_14AB</turretGunDef>
			<turretBurstCooldownTime>0</turretBurstCooldownTime>
		</building>
		<placeWorkers>
			<li>PlaceWorker_TurretTop</li>
			<li>PlaceWorker_ShowTurretRadius</li>
		</placeWorkers>
		<!--
    <damageMultipliers>
      <li>
        <damageDef>Bomb</damageDef>
        <multiplier>0</multiplier>
      </li>
	  <li>
        <damageDef>Bullet</damageDef>
        <multiplier>0</multiplier>
      </li>
	  <li>
        <damageDef>Arrow</damageDef>
        <multiplier>0</multiplier>
      </li>
	  <li>
        <damageDef>Cut</damageDef>
        <multiplier>0</multiplier>
      </li>
	  <li>
        <damageDef>Crush</damageDef>
        <multiplier>0</multiplier>
      </li>
	  <li>
        <damageDef>Blunt</damageDef>
        <multiplier>0</multiplier>
      </li>
	  <li>
        <damageDef>Stab</damageDef>
        <multiplier>0</multiplier>
      </li>
	  <li>
        <damageDef>Scratch</damageDef>
        <multiplier>0</multiplier>
      </li>
	  <li>
        <damageDef>Bite</damageDef>
        <multiplier>0</multiplier>
      </li>
	  <li>
        <damageDef>ToxicBite</damageDef>
        <multiplier>0</multiplier>
      </li>
	  <li>
        <damageDef>Flame</damageDef>
        <multiplier>0</multiplier>
      </li>
	  <li>
        <damageDef>Burn</damageDef>
        <multiplier>0</multiplier>
      </li>
	  <li>
        <damageDef>Frostbite</damageDef>
        <multiplier>0</multiplier>
      </li>
    </damageMultipliers> -->
		<researchPrerequisites>
			<li>CIWS_HPJAB</li>
		</researchPrerequisites>
	</ThingDef>


	<ThingDef ParentName="BaseBullet">
		<defName>Bullet_30mmapcr</defName>
		<label>三十毫米硬芯穿甲弹</label>
		<graphicData>
			<texPath>Things/Projectile/Bullet_Small</texPath>
			<graphicClass>Graphic_Single</graphicClass>
		</graphicData>
		<projectile>
			<damageDef>Bullet</damageDef>
			<damageAmountBase>35</damageAmountBase>
			<stoppingPower>2.0</stoppingPower><!--击退最大体型-->
			<armorPenetrationBase>1.00</armorPenetrationBase><!--穿甲率-->
			<speed>150</speed>
		</projectile>
	</ThingDef>

	<ThingDef ParentName="BaseWeaponTurret">
		<defName>HPJ_14AB</defName>
		<label>H/PJ-14A-2型舰炮</label>
		<graphicData>
			<texPath>Things/Building/Security/TurretAB_Gun</texPath>
			<graphicClass>Graphic_Single</graphicClass>
		</graphicData>
		<menuHidden>true</menuHidden>
		<description>H/PJ-14A-2型舰炮。</description>
		<soundInteract>Interact_Rifle</soundInteract>
		<!--<canBeSpawningInventory>false</canBeSpawningInventory>-->
		<tradeability>None</tradeability>
		<destroyOnDrop>true</destroyOnDrop>
		<useHitPoints>false</useHitPoints>
		<statBases>
			<AccuracyTouch>0.99</AccuracyTouch>
			<AccuracyShort>0.95</AccuracyShort>
			<AccuracyMedium>0.90</AccuracyMedium>
			<AccuracyLong>0.45</AccuracyLong>
			<RangedWeapon_Cooldown>0.1</RangedWeapon_Cooldown>
			<DeteriorationRate>0</DeteriorationRate>
			<Mass>40</Mass>
			<Flammability>0</Flammability>
		</statBases>
		<weaponTags Inherit="false">
			<li>TurretGun</li>
		</weaponTags>
		<verbs>
			<li>
				<verbClass>Verb_Shoot</verbClass>
				<hasStandardCommand>true</hasStandardCommand>
				<defaultProjectile>Bullet_30mmapcr</defaultProjectile>
				<warmupTime>0.5</warmupTime>
				<range>35</range>
				<minRange>5</minRange>
				<ticksBetweenBurstShots>1</ticksBetweenBurstShots>
				<burstShotCount>5</burstShotCount>
				<soundCast>GunShotA</soundCast>
				<soundCastTail>GunTail_Light</soundCastTail>
				<muzzleFlashScale>6</muzzleFlashScale>
				<consumeFuelPerShot>1</consumeFuelPerShot><!--消耗弹药数量-->
			</li>
		</verbs>
	</ThingDef>


	<ThingDef ParentName="BuildingBase">
		<defName>CIWS1130B</defName>
		<label>H/PJ-B型自动防御塔</label>
		<thingClass>Building_TurretGun</thingClass>
		<graphicData>
			<texPath>Things/Building/Security/TurretB</texPath>
			<graphicClass>Graphic_Single</graphicClass>
			<drawSize>(2,2)</drawSize>
			<damageData>
				<rect>(0.2,0.2,0.6,0.6)</rect>
			</damageData>
		</graphicData>
		<uiIconPath>Things/Building/Security/TurretB_UI</uiIconPath>
		<uiIconScale>1.00</uiIconScale>
		<minifiedDef>MinifiedThing</minifiedDef>
		<altitudeLayer>Building</altitudeLayer>
		<stealable>false</stealable>
		<rotatable>false</rotatable>
		<thingCategories>
			<li>BuildingsSecurity</li>
		</thingCategories>
		<statBases>
			<MaxHitPoints>275</MaxHitPoints>
			<Flammability>0</Flammability>
			<WorkToBuild>2500</WorkToBuild>
			<Mass>80</Mass>
			<Beauty>-10</Beauty>
			<ShootingAccuracyTurret>0.97</ShootingAccuracyTurret>
		</statBases>
		<tickerType>Normal</tickerType>
		<comps>
			<li Class="CompProperties_Explosive">
				<explosiveRadius>1</explosiveRadius>
				<explosiveDamageType>Bomb</explosiveDamageType>
				<chanceNeverExplodeFromDamage>0.5</chanceNeverExplodeFromDamage>
			</li>
			<li Class="CompProperties_Forbiddable"/>
			<li Class="CompProperties_Power">
				<compClass>CompPowerTrader</compClass>
				<basePowerConsumption>1500</basePowerConsumption>
			</li>
			<li Class="CompProperties_Flickable"/>
			<li Class="CompProperties_Breakdownable"/>
			<li Class="CompProperties_Refuelable"><!--消耗弹药-->
				<fuelLabel>弹药数量</fuelLabel>
				<fuelGizmoLabel>弹药数量</fuelGizmoLabel>
				<fuelFilter>
					<thingDefs>
						<li>Steel</li>
					</thingDefs>
				</fuelFilter>
				<fuelCapacity>400</fuelCapacity><!--弹药总数-->
				<initialFuelPercent>1</initialFuelPercent>
				<autoRefuelPercent>0.75</autoRefuelPercent><!--弹药总量比例-->
				<showFuelGizmo>true</showFuelGizmo>
				<minimumFueledThreshold>1</minimumFueledThreshold>
				<fuelMultiplier>20.0</fuelMultiplier><!--装填乘数，实际装填量等于总数乘比例-->
				<factorByDifficulty>true</factorByDifficulty>
				<consumeFuelOnlyWhenUsed>true</consumeFuelOnlyWhenUsed>
				<outOfFuelMessage>不能射击：需要装弹</outOfFuelMessage>
				<fuelIconPath>UI/Overlays/Barrel</fuelIconPath>
			</li>
		</comps>
		<description>H/PJ-1130B自动武器系统，可以自动消灭任何目标。</description>
		<passability>PassThroughOnly</passability>
		<pathCost>50</pathCost>
		<fillPercent>0.4</fillPercent>
		<castEdgeShadows>true</castEdgeShadows>
		<hasTooltip>true</hasTooltip>
		<stuffCategories>
			<li>Metallic</li>
		</stuffCategories>
		<costStuffCount>100</costStuffCount>
		<costList>
			<Steel>150</Steel>
			<ComponentIndustrial>1</ComponentIndustrial>
		</costList>
		<terrainAffordanceNeeded>Light</terrainAffordanceNeeded>
		<designationCategory>Security</designationCategory>
		<specialDisplayRadius>28</specialDisplayRadius>
		<building>
			<ai_combatDangerous>true</ai_combatDangerous>
			<turretGunDef>HPJ_14B</turretGunDef>
			<turretBurstCooldownTime>2</turretBurstCooldownTime>
		</building>
		<placeWorkers>
			<li>PlaceWorker_TurretTop</li>
			<li>PlaceWorker_ShowTurretRadius</li>
		</placeWorkers>
	</ThingDef>

	<!--	<ThingDef ParentName="BuildingBase">
		<defName>CIWS1130B</defName>
		<label>H/PJ-B型手动防御塔</label>
		<thingClass>Building_TurretGun</thingClass>
    <graphicData>
      <texPath>Things/Building/Security/TurretImprovised</texPath>
      <graphicClass>Graphic_Single</graphicClass>
      <drawSize>(3,3)</drawSize>
      <damageData>
        <rect>(0.2,0.2,0.6,0.6)</rect>
      </damageData>
    </graphicData>
    <minifiedDef>MinifiedThing</minifiedDef>
    <altitudeLayer>Building</altitudeLayer>
    <hasInteractionCell>True</hasInteractionCell>
		<interactionCellOffset>(0,0,-1)</interactionCellOffset>
    <stealable>false</stealable>
    <statBases>
      <MaxHitPoints>175</MaxHitPoints>
      <Flammability>0</Flammability>
      <WorkToBuild>2500</WorkToBuild>
	  <Mass>80</Mass>
      <Beauty>-10</Beauty>
    </statBases>
    <tickerType>Normal</tickerType>
		<comps>
			<li Class="CompProperties_Explosive">
				<explosiveRadius>1</explosiveRadius>
				<explosiveDamageType>Flame</explosiveDamageType>
			</li>
			<li Class="CompProperties_Forbiddable"/>
			<li Class="CompProperties_Mannable">
				<manWorkType>Violent</manWorkType>
			</li>
		</comps>
    <description>H/PJ-1130B手动武器系统，可以手动控制消灭任何目标，消耗23毫米炮弹。</description>
    <passability>PassThroughOnly</passability>
    <pathCost>50</pathCost>
    <fillPercent>0.4</fillPercent>
    <castEdgeShadows>true</castEdgeShadows>
    <hasTooltip>true</hasTooltip>
    <stuffCategories>
      <li>Metallic</li>
    </stuffCategories>
    <costStuffCount>100</costStuffCount>
    <costList>
      <Steel>150</Steel>
      <ComponentIndustrial>1</ComponentIndustrial>
    </costList>
    <terrainAffordanceNeeded>Light</terrainAffordanceNeeded>
    <designationCategory>Security</designationCategory>
    <specialDisplayRadius>45</specialDisplayRadius>
    <building>
      <ai_combatDangerous>true</ai_combatDangerous>
      <turretGunDef>HPJ_14B</turretGunDef>
	  <turretShellDef>Shell23mm</turretShellDef>
      <turretBurstCooldownTime>2</turretBurstCooldownTime>
    </building>

  </ThingDef>  -->


	<ThingDef ParentName="BaseBullet">
		<defName>Bullet_23mmapc</defName>
		<label>二十三毫米被帽穿甲弹</label>
		<graphicData>
			<texPath>Things/Projectile/Bullet_Small</texPath>
			<graphicClass>Graphic_Single</graphicClass>
		</graphicData>
		<projectile>
			<damageDef>Bullet</damageDef>
			<damageAmountBase>10</damageAmountBase>
			<stoppingPower>1.0</stoppingPower><!--击退最大体型-->
			<armorPenetrationBase>0.35</armorPenetrationBase><!--穿甲率-->
			<speed>150</speed>
		</projectile>
	</ThingDef>

	<ThingDef ParentName="BaseWeaponTurret">
		<defName>HPJ_14B</defName>
		<label>H/PJ-14B型火炮</label>
		<graphicData>
			<texPath>Things/Building/Security/TurretB_Gun</texPath>
			<graphicClass>Graphic_Single</graphicClass>
		</graphicData>
		<menuHidden>true</menuHidden>
		<description>H/PJ-14B型火炮。</description>
		<soundInteract>Interact_Rifle</soundInteract>
		<!--<canBeSpawningInventory>false</canBeSpawningInventory>-->
		<tradeability>None</tradeability>
		<destroyOnDrop>true</destroyOnDrop>
		<useHitPoints>false</useHitPoints>
		<statBases>
			<AccuracyTouch>0.99</AccuracyTouch>
			<AccuracyShort>0.9</AccuracyShort>
			<AccuracyMedium>0.8</AccuracyMedium>
			<AccuracyLong>0.7</AccuracyLong>
			<RangedWeapon_Cooldown>1</RangedWeapon_Cooldown>
			<DeteriorationRate>0</DeteriorationRate>
			<Mass>40</Mass>
			<Flammability>0</Flammability>
		</statBases>
		<weaponTags Inherit="false">
			<li>TurretGun</li>
		</weaponTags>
		<verbs>
			<li>
				<verbClass>Verb_Shoot</verbClass>
				<hasStandardCommand>true</hasStandardCommand>
				<defaultProjectile>Bullet_23mmapc</defaultProjectile>
				<warmupTime>1.5</warmupTime>
				<range>28</range>
				<minRange>0</minRange>
				<ticksBetweenBurstShots>2</ticksBetweenBurstShots>
				<burstShotCount>2</burstShotCount>
				<soundCast>GunShotA</soundCast>
				<soundCastTail>GunTail_Light</soundCastTail>
				<muzzleFlashScale>3</muzzleFlashScale>
				<consumeFuelPerShot>2</consumeFuelPerShot><!--消耗弹药数量-->
			</li>
		</verbs>
	</ThingDef>

	<ThingDef ParentName="BuildingBase">
		<defName>CIWS1130C</defName>
		<label>H/PJ-C型火箭塔</label>
		<thingClass>Building_TurretGun</thingClass>
		<graphicData>
			<texPath>Things/Building/Security/TurretC</texPath>
			<graphicClass>Graphic_Single</graphicClass>
			<drawSize>(2,2)</drawSize>
			<damageData>
				<rect>(0.2,0.2,0.6,0.6)</rect>
			</damageData>
		</graphicData>
		<uiIconPath>Things/Building/Security/TurretC_UI</uiIconPath>
		<uiIconScale>1.00</uiIconScale>
		<minifiedDef>MinifiedThing</minifiedDef>
		<altitudeLayer>Building</altitudeLayer>
		<hasInteractionCell>True</hasInteractionCell>
		<interactionCellOffset>(0,0,-1)</interactionCellOffset>
		<stealable>false</stealable>
		<rotatable>true</rotatable>
		<thingCategories>
			<li>BuildingsSecurity</li>
		</thingCategories>
		<statBases>
			<MaxHitPoints>300</MaxHitPoints>
			<Flammability>0</Flammability>
			<WorkToBuild>2500</WorkToBuild>
			<Mass>110</Mass>
			<Beauty>-10</Beauty>
			<ShootingAccuracyTurret>0.92</ShootingAccuracyTurret>
		</statBases>
		<tickerType>Normal</tickerType>
		<comps>
			<li Class="CompProperties_Explosive">
				<explosiveRadius>1</explosiveRadius>
				<explosiveDamageType>Flame</explosiveDamageType>
			</li>
			<li Class="CompProperties_Forbiddable"/>
			<li Class="CompProperties_Mannable">
				<manWorkType>Violent</manWorkType>
			</li>
			<li Class="CompProperties_Refuelable"><!--消耗弹药-->
				<fuelLabel>弹药数量</fuelLabel>
				<fuelGizmoLabel>弹药数量</fuelGizmoLabel>
				<fuelFilter>
					<thingDefs>
						<li>Steel</li>
					</thingDefs>
				</fuelFilter>
				<fuelCapacity>240</fuelCapacity>
				<initialFuelPercent>1</initialFuelPercent>
				<autoRefuelPercent>0.75</autoRefuelPercent>
				<showFuelGizmo>true</showFuelGizmo>
				<minimumFueledThreshold>1</minimumFueledThreshold>
				<fuelMultiplier>6</fuelMultiplier>
				<factorByDifficulty>true</factorByDifficulty>
				<consumeFuelOnlyWhenUsed>true</consumeFuelOnlyWhenUsed>
				<outOfFuelMessage>不能射击：需要装弹</outOfFuelMessage>
				<fuelIconPath>UI/Overlays/Barrel</fuelIconPath>
			</li>
		</comps>
		<description>H/PJ-1130C手动火箭发射塔，发射火箭弹消灭敌人。</description>
		<passability>PassThroughOnly</passability>
		<pathCost>50</pathCost>
		<fillPercent>0.4</fillPercent>
		<castEdgeShadows>true</castEdgeShadows>
		<hasTooltip>true</hasTooltip>
		<stuffCategories>
			<li>Metallic</li>
		</stuffCategories>
		<costStuffCount>250</costStuffCount>
		<costList>
			<Steel>400</Steel>
			<ComponentIndustrial>5</ComponentIndustrial>
			<Shimoxi>10</Shimoxi>
		</costList>
		<terrainAffordanceNeeded>Light</terrainAffordanceNeeded>
		<designationCategory>Security</designationCategory>
		<specialDisplayRadius>42</specialDisplayRadius>
		<building>
			<ai_combatDangerous>true</ai_combatDangerous>
			<turretGunDef>HPJ_14C</turretGunDef>
			<turretBurstCooldownTime>2</turretBurstCooldownTime>
		</building>
		<placeWorkers>
			<li>PlaceWorker_TurretTop</li>
			<li>PlaceWorker_ShowTurretRadius</li>
		</placeWorkers>
		<researchPrerequisites>
			<li>GunTurrets</li>
		</researchPrerequisites>
	</ThingDef>

	<ThingDef ParentName="BaseBullet">
		<defName>Bullet_Huoyan</defName>
		<label>四十毫米火箭弹</label>
		<graphicData>
			<texPath>Things/Projectile/Rocket_Big</texPath>
			<graphicClass>Graphic_Single</graphicClass>
			<shaderType>TransparentPostLight</shaderType>
		</graphicData>
		<thingClass>Projectile_Explosive</thingClass>
		<projectile>
			<speed>80</speed>
			<damageDef>Bomb</damageDef>
			<damageAmountBase>25</damageAmountBase>
			<explosionRadius>3.5</explosionRadius>
			<stoppingPower>2.0</stoppingPower><!--击退最大体型-->
			<armorPenetrationBase>0.50</armorPenetrationBase><!--穿甲率-->
		</projectile>
	</ThingDef>


	<ThingDef ParentName="BaseWeaponTurret">
		<defName>HPJ_14C</defName>
		<label>H/PJ-14C型火箭筒</label>
		<graphicData>
			<texPath>Things/Building/Security/TurretC_Gun</texPath>
			<graphicClass>Graphic_Single</graphicClass>
		</graphicData>
		<menuHidden>true</menuHidden>
		<description>H/PJ-14C型火箭筒。</description>
		<!--<canBeSpawningInventory>false</canBeSpawningInventory>-->
		<tradeability>None</tradeability>
		<destroyOnDrop>true</destroyOnDrop>
		<useHitPoints>false</useHitPoints>
		<statBases>
			<AccuracyTouch>0.9</AccuracyTouch>
			<AccuracyShort>0.85</AccuracyShort>
			<AccuracyMedium>0.8</AccuracyMedium>
			<AccuracyLong>0.75</AccuracyLong>
			<RangedWeapon_Cooldown>2</RangedWeapon_Cooldown>
			<DeteriorationRate>0</DeteriorationRate>
			<Mass>40</Mass>
			<Flammability>0</Flammability>
		</statBases>
		<weaponTags Inherit="false">
			<li>TurretGun</li>
		</weaponTags>
		<verbs>
			<li>
				<verbClass>Verb_Shoot</verbClass>
				<hasStandardCommand>true</hasStandardCommand>
				<defaultProjectile>Bullet_Huoyan</defaultProjectile>
				<warmupTime>4.5</warmupTime>
				<range>42</range>
				<minRange>1</minRange>
				<forcedMissRadius>1.9</forcedMissRadius><!--强制脱靶半径-->
				<ticksBetweenBurstShots>45</ticksBetweenBurstShots>
				<burstShotCount>3</burstShotCount>
				<soundCast>InfernoCannon_Fire</soundCast>
				<soundCastTail>GunTail_Light</soundCastTail>
				<muzzleFlashScale>2</muzzleFlashScale>
				<consumeFuelPerShot>1</consumeFuelPerShot><!--消耗弹药数量-->
			</li>
		</verbs>
	</ThingDef>


	<ThingDef ParentName="BuildingBase">
		<defName>CIWS1130D</defName>
		<label>H/PJ-D远程防御塔</label>
		<thingClass>Building_TurretGun</thingClass>
		<graphicData>
			<texPath>Things/Building/Security/TurretD</texPath>
			<graphicClass>Graphic_Single</graphicClass>
			<drawSize>(2,2)</drawSize>
			<damageData>
				<rect>(0.2,0.2,0.6,0.6)</rect>
			</damageData>
		</graphicData>
		<uiIconPath>Things/Building/Security/TurretD_UI</uiIconPath>
		<uiIconScale>1.00</uiIconScale>
		<minifiedDef>MinifiedThing</minifiedDef>
		<altitudeLayer>Building</altitudeLayer>
		<stealable>false</stealable>
		<rotatable>false</rotatable>
		<thingCategories>
			<li>BuildingsSecurity</li>
		</thingCategories>
		<statBases>
			<MaxHitPoints>280</MaxHitPoints>
			<Flammability>0</Flammability>
			<WorkToBuild>500</WorkToBuild>
			<Mass>150</Mass>
			<Beauty>-10</Beauty>
			<ShootingAccuracyTurret>0.988</ShootingAccuracyTurret>
		</statBases>
		<tickerType>Normal</tickerType>
		<comps>
			<li Class="CompProperties_Explosive">
				<explosiveRadius>1</explosiveRadius>
				<explosiveDamageType>Bomb</explosiveDamageType>
				<chanceNeverExplodeFromDamage>0.5</chanceNeverExplodeFromDamage>
			</li>
			<li Class="CompProperties_Forbiddable"/>
			<li Class="CompProperties_Power">
				<compClass>CompPowerTrader</compClass>
				<basePowerConsumption>2000</basePowerConsumption>
			</li>
			<li Class="CompProperties_Flickable"/>
			<li Class="CompProperties_Breakdownable"/>
			<li Class="CompProperties_Refuelable"><!--消耗弹药-->
				<fuelLabel>弹药数量</fuelLabel>
				<fuelGizmoLabel>弹药数量</fuelGizmoLabel>
				<fuelFilter>
					<thingDefs>
						<li>Steel</li>
					</thingDefs>
				</fuelFilter>
				<fuelCapacity>160</fuelCapacity>
				<initialFuelPercent>1</initialFuelPercent>
				<autoRefuelPercent>0.75</autoRefuelPercent>
				<showFuelGizmo>true</showFuelGizmo>
				<minimumFueledThreshold>1</minimumFueledThreshold>
				<fuelMultiplier>6</fuelMultiplier>
				<factorByDifficulty>true</factorByDifficulty>
				<consumeFuelOnlyWhenUsed>true</consumeFuelOnlyWhenUsed>
				<outOfFuelMessage>不能射击：需要装弹</outOfFuelMessage>
				<fuelIconPath>UI/Overlays/Barrel</fuelIconPath>
			</li>
		</comps>
		<description>H/PJ-1130D远程防御塔，用于狙杀数量较少的敌人精英。</description>
		<passability>PassThroughOnly</passability>
		<pathCost>50</pathCost>
		<fillPercent>0.4</fillPercent>
		<castEdgeShadows>true</castEdgeShadows>
		<hasTooltip>true</hasTooltip>
		<stuffCategories>
			<li>Metallic</li>
		</stuffCategories>
		<costStuffCount>300</costStuffCount>
		<costList>
			<Steel>550</Steel>
			<ComponentIndustrial>2</ComponentIndustrial>
			<Shimoxi>15</Shimoxi>
		</costList>
		<terrainAffordanceNeeded>Light</terrainAffordanceNeeded>
		<designationCategory>Security</designationCategory>
		<specialDisplayRadius>38</specialDisplayRadius>
		<building>
			<ai_combatDangerous>true</ai_combatDangerous>
			<turretGunDef>HPJ_14D</turretGunDef>
			<turretBurstCooldownTime>3</turretBurstCooldownTime>
		</building>
		<placeWorkers>
			<li>PlaceWorker_TurretTop</li>
			<li>PlaceWorker_ShowTurretRadius</li>
		</placeWorkers>
		<researchPrerequisites>
			<li>GunTurrets</li>
		</researchPrerequisites>
	</ThingDef>

	<ThingDef ParentName="BaseBullet">
		<defName>Bullet_Yuancheng</defName>
		<label>底排增程弹</label>
		<graphicData>
			<texPath>Things/Projectile/Bullet_Small</texPath>
			<graphicClass>Graphic_Single</graphicClass>
		</graphicData>
		<projectile>
			<damageDef>Bullet</damageDef>
			<damageAmountBase>80</damageAmountBase>
			<stoppingPower>3.0</stoppingPower><!--击退最大体型-->
			<armorPenetrationBase>0.75</armorPenetrationBase><!--穿甲率-->
			<speed>180</speed>
		</projectile>
	</ThingDef>


	<ThingDef ParentName="BaseWeaponTurret">
		<defName>HPJ_14D</defName>
		<label>H/PJ-14D型远程火炮</label>
		<graphicData>
			<texPath>Things/Building/Security/TurretD_Gun</texPath>
			<graphicClass>Graphic_Single</graphicClass>
		</graphicData>
		<menuHidden>true</menuHidden>
		<description>H/PJ-14D型远程火炮。</description>
		<soundInteract>Interact_Rifle</soundInteract>
		<!--<canBeSpawningInventory>false</canBeSpawningInventory>-->
		<tradeability>None</tradeability>
		<destroyOnDrop>true</destroyOnDrop>
		<useHitPoints>false</useHitPoints>
		<statBases>
			<AccuracyTouch>0.99</AccuracyTouch>
			<AccuracyShort>0.95</AccuracyShort>
			<AccuracyMedium>0.92</AccuracyMedium>
			<AccuracyLong>0.90</AccuracyLong>
			<RangedWeapon_Cooldown>0</RangedWeapon_Cooldown>
			<DeteriorationRate>0</DeteriorationRate>
			<Mass>40</Mass>
			<Flammability>0</Flammability>
		</statBases>
		<weaponTags Inherit="false">
			<li>TurretGun</li>
		</weaponTags>
		<verbs>
			<li>
				<verbClass>Verb_Shoot</verbClass>
				<hasStandardCommand>true</hasStandardCommand>
				<defaultProjectile>Bullet_Yuancheng</defaultProjectile>
				<warmupTime>1.5</warmupTime>
				<range>38</range>
				<minRange>0</minRange>
				<ticksBetweenBurstShots>0</ticksBetweenBurstShots>
				<burstShotCount>1</burstShotCount>
				<soundCast>GunShotA</soundCast>
				<soundCastTail>GunTail_Light</soundCastTail>
				<muzzleFlashScale>15</muzzleFlashScale>
				<consumeFuelPerShot>2</consumeFuelPerShot><!--消耗弹药数量-->
			</li>
		</verbs>
	</ThingDef>


	<ThingDef ParentName="BuildingBase">
		<defName>CIWS1130F</defName>
		<label>H/PJ-F型火焰防御塔</label>
		<thingClass>Building_TurretGun</thingClass>
		<graphicData>
			<texPath>Things/Building/Security/TurretF</texPath>
			<graphicClass>Graphic_Single</graphicClass>
			<drawSize>(2,2)</drawSize>
			<damageData>
				<rect>(0.2,0.2,0.6,0.6)</rect>
			</damageData>
		</graphicData>
		<uiIconPath>Things/Building/Security/TurretF_UI</uiIconPath>
		<uiIconScale>1.00</uiIconScale>
		<minifiedDef>MinifiedThing</minifiedDef>
		<altitudeLayer>Building</altitudeLayer>
		<stealable>false</stealable>
		<rotatable>false</rotatable>
		<thingCategories>
			<li>BuildingsSecurity</li>
		</thingCategories>
		<statBases>
			<MaxHitPoints>275</MaxHitPoints>
			<Flammability>0</Flammability>
			<WorkToBuild>2500</WorkToBuild>
			<Mass>80</Mass>
			<Beauty>-10</Beauty>
			<ShootingAccuracyTurret>0.97</ShootingAccuracyTurret>
		</statBases>
		<tickerType>Normal</tickerType>
		<comps>
			<li Class="CompProperties_Explosive">
				<explosiveRadius>1</explosiveRadius>
				<explosiveDamageType>Bomb</explosiveDamageType>
				<chanceNeverExplodeFromDamage>0.5</chanceNeverExplodeFromDamage>
			</li>
			<li Class="CompProperties_Forbiddable"/>
			<li Class="CompProperties_Power">
				<compClass>CompPowerTrader</compClass>
				<basePowerConsumption>1500</basePowerConsumption>
			</li>
			<li Class="CompProperties_Flickable"/>
			<li Class="CompProperties_Breakdownable"/>
			<li Class="CompProperties_Refuelable"><!--消耗弹药-->
				<fuelLabel>弹药数量</fuelLabel>
				<fuelGizmoLabel>弹药数量</fuelGizmoLabel>
				<fuelFilter>
					<thingDefs>
						<li>Steel</li>
					</thingDefs>
				</fuelFilter>
				<fuelCapacity>400</fuelCapacity><!--弹药总数-->
				<initialFuelPercent>1</initialFuelPercent>
				<autoRefuelPercent>0.75</autoRefuelPercent><!--弹药总量比例-->
				<showFuelGizmo>true</showFuelGizmo>
				<minimumFueledThreshold>1</minimumFueledThreshold>
				<fuelMultiplier>20.0</fuelMultiplier><!--装填乘数，实际装填量等于总数乘比例-->
				<factorByDifficulty>true</factorByDifficulty>
				<consumeFuelOnlyWhenUsed>true</consumeFuelOnlyWhenUsed>
				<outOfFuelMessage>不能射击：需要装弹</outOfFuelMessage>
				<fuelIconPath>UI/Overlays/Barrel</fuelIconPath>
			</li>
		</comps>
		<description>H/PJ-1130F自动火焰防御系统，可以自动消灭任何目标。</description>
		<passability>PassThroughOnly</passability>
		<pathCost>50</pathCost>
		<fillPercent>0.4</fillPercent>
		<castEdgeShadows>true</castEdgeShadows>
		<hasTooltip>true</hasTooltip>
		<stuffCategories>
			<li>Metallic</li>
		</stuffCategories>
		<costStuffCount>100</costStuffCount>
		<costList>
			<Steel>150</Steel>
			<ComponentIndustrial>1</ComponentIndustrial>
		</costList>
		<terrainAffordanceNeeded>Light</terrainAffordanceNeeded>
		<designationCategory>Security</designationCategory>
		<specialDisplayRadius>29</specialDisplayRadius>
		<building>
			<ai_combatDangerous>true</ai_combatDangerous>
			<turretGunDef>HPJ_14F</turretGunDef>
			<turretBurstCooldownTime>2</turretBurstCooldownTime>
		</building>
		<placeWorkers>
			<li>PlaceWorker_TurretTop</li>
			<li>PlaceWorker_ShowTurretRadius</li>
		</placeWorkers>
	</ThingDef>


	<ThingDef ParentName="BaseBullet">
		<defName>Bullet_CIWSIncendiary</defName>
		<label>燃烧弹</label>
		<graphicData>
			<texPath>Things/Projectile/Rocket_Big</texPath>
			<graphicClass>Graphic_Single</graphicClass>
			<shaderType>TransparentPostLight</shaderType>
		</graphicData>
		<thingClass>Projectile_Explosive</thingClass>
		<projectile>
			<damageDef>Flame</damageDef>
			<speed>25</speed>
			<explosionRadius>2.4</explosionRadius>
			<preExplosionSpawnThingDef>Filth_Fuel</preExplosionSpawnThingDef>
			<preExplosionSpawnChance>0.25</preExplosionSpawnChance>
			<ai_IsIncendiary>true</ai_IsIncendiary>
			<stoppingPower>1.0</stoppingPower><!--击退最大体型-->
			<armorPenetrationBase>0.20</armorPenetrationBase><!--穿甲率-->
		</projectile>
	</ThingDef>

	<ThingDef ParentName="BaseWeaponTurret">
		<defName>HPJ_14F</defName>
		<label>H/PJ-14F型火炮</label>
		<graphicData>
			<texPath>Things/Building/Security/TurretF_Gun</texPath>
			<graphicClass>Graphic_Single</graphicClass>
		</graphicData>
		<menuHidden>true</menuHidden>
		<description>H/PJ-14F型火炮。</description>
		<soundInteract>Interact_Rifle</soundInteract>
		<!--<canBeSpawningInventory>false</canBeSpawningInventory>-->
		<tradeability>None</tradeability>
		<destroyOnDrop>true</destroyOnDrop>
		<useHitPoints>false</useHitPoints>
		<statBases>
			<AccuracyTouch>0.99</AccuracyTouch>
			<AccuracyShort>0.9</AccuracyShort>
			<AccuracyMedium>0.8</AccuracyMedium>
			<AccuracyLong>0.7</AccuracyLong>
			<RangedWeapon_Cooldown>1</RangedWeapon_Cooldown>
			<DeteriorationRate>0</DeteriorationRate>
			<Mass>40</Mass>
			<Flammability>0</Flammability>
		</statBases>
		<weaponTags Inherit="false">
			<li>TurretGun</li>
		</weaponTags>
		<verbs>
			<li>
				<verbClass>Verb_Shoot</verbClass>
				<hasStandardCommand>true</hasStandardCommand>
				<defaultProjectile>Bullet_CIWSIncendiary</defaultProjectile>
				<warmupTime>1.5</warmupTime>
				<forcedMissRadius>1.9</forcedMissRadius><!--强制脱靶半径-->
				<range>29</range>
				<minRange>0</minRange>
				<ticksBetweenBurstShots>2</ticksBetweenBurstShots>
				<burstShotCount>1</burstShotCount>
				<soundCast>Shot_IncendiaryLauncher</soundCast>
				<soundCastTail>GunTail_Light</soundCastTail>
				<muzzleFlashScale>14</muzzleFlashScale>
				<consumeFuelPerShot>1</consumeFuelPerShot><!--消耗弹药数量-->
			</li>
		</verbs>
	</ThingDef>


	<ThingDef ParentName="BuildingBase">
		<defName>CIWS1130M</defName>
		<label>H/PJ-M型麻醉防御塔</label>
		<thingClass>Building_TurretGun</thingClass>
		<graphicData>
			<texPath>Things/Building/Security/TurretM</texPath>
			<graphicClass>Graphic_Single</graphicClass>
			<drawSize>(2,2)</drawSize>
			<damageData>
				<rect>(0.2,0.2,0.6,0.6)</rect>
			</damageData>
		</graphicData>
		<uiIconPath>Things/Building/Security/TurretM_UI</uiIconPath>
		<uiIconScale>1.00</uiIconScale>
		<minifiedDef>MinifiedThing</minifiedDef>
		<altitudeLayer>Building</altitudeLayer>
		<stealable>false</stealable>
		<rotatable>false</rotatable>
		<thingCategories>
			<li>BuildingsSecurity</li>
		</thingCategories>
		<statBases>
			<MaxHitPoints>275</MaxHitPoints>
			<Flammability>0</Flammability>
			<WorkToBuild>2500</WorkToBuild>
			<Mass>80</Mass>
			<Beauty>-10</Beauty>
			<ShootingAccuracyTurret>0.97</ShootingAccuracyTurret>
		</statBases>
		<tickerType>Normal</tickerType>
		<comps>
			<li Class="CompProperties_Explosive">
				<explosiveRadius>1</explosiveRadius>
				<explosiveDamageType>Bomb</explosiveDamageType>
				<chanceNeverExplodeFromDamage>0.5</chanceNeverExplodeFromDamage>
			</li>
			<li Class="CompProperties_Forbiddable"/>
			<li Class="CompProperties_Power">
				<compClass>CompPowerTrader</compClass>
				<basePowerConsumption>1500</basePowerConsumption>
			</li>
			<li Class="CompProperties_Flickable"/>
			<li Class="CompProperties_Breakdownable"/>
			<li Class="CompProperties_Refuelable"><!--消耗弹药-->
				<fuelLabel>弹药数量</fuelLabel>
				<fuelGizmoLabel>弹药数量</fuelGizmoLabel>
				<fuelFilter>
					<thingDefs>
						<li>Steel</li>
					</thingDefs>
				</fuelFilter>
				<fuelCapacity>400</fuelCapacity><!--弹药总数-->
				<initialFuelPercent>1</initialFuelPercent>
				<autoRefuelPercent>0.75</autoRefuelPercent><!--弹药总量比例-->
				<showFuelGizmo>true</showFuelGizmo>
				<minimumFueledThreshold>1</minimumFueledThreshold>
				<fuelMultiplier>20.0</fuelMultiplier><!--装填乘数，实际装填量等于总数乘比例-->
				<factorByDifficulty>true</factorByDifficulty>
				<consumeFuelOnlyWhenUsed>true</consumeFuelOnlyWhenUsed>
				<outOfFuelMessage>不能射击：需要装弹</outOfFuelMessage>
				<fuelIconPath>UI/Overlays/Barrel</fuelIconPath>
			</li>
		</comps>
		<description>H/PJ-1130M自动麻醉防御系统，自动麻醉任何敌人。</description>
		<passability>PassThroughOnly</passability>
		<pathCost>50</pathCost>
		<fillPercent>0.4</fillPercent>
		<castEdgeShadows>true</castEdgeShadows>
		<hasTooltip>true</hasTooltip>
		<stuffCategories>
			<li>Metallic</li>
		</stuffCategories>
		<costStuffCount>100</costStuffCount>
		<costList>
			<Steel>900</Steel>
			<ComponentIndustrial>5</ComponentIndustrial>
		</costList>
		<terrainAffordanceNeeded>Light</terrainAffordanceNeeded>
		<designationCategory>Security</designationCategory>
		<specialDisplayRadius>29</specialDisplayRadius>
		<building>
			<ai_combatDangerous>true</ai_combatDangerous>
			<turretGunDef>HPJ_14M</turretGunDef>
			<turretBurstCooldownTime>2</turretBurstCooldownTime>
		</building>
		<placeWorkers>
			<li>PlaceWorker_TurretTop</li>
			<!-- <li>PlaceWorker_ShowTurretRadius</li> -->
		</placeWorkers>
	</ThingDef>


	<ThingDef ParentName="BaseBullet">
		<defName>Bullet_CIWSAnesthetic</defName>
		<label>麻醉针</label>
		<graphicData>
			<texPath>Things/Projectile/Bullet_Small</texPath>
			<graphicClass>Graphic_Single</graphicClass>
		</graphicData>
		<projectile>
			<damageDef>Bullet</damageDef>
			<damageAmountBase>10</damageAmountBase>
			<stoppingPower>0.5</stoppingPower><!--击退最大体型-->
			<armorPenetrationBase>0.15</armorPenetrationBase><!--穿甲率-->
			<speed>70</speed>
		</projectile>
	</ThingDef>

	<ThingDef ParentName="BaseWeaponTurret">
		<defName>HPJ_14M</defName>
		<label>H/PJ-14M型火炮</label>
		<graphicData>
			<texPath>Things/Building/Security/TurretM_Gun</texPath>
			<graphicClass>Graphic_Single</graphicClass>
		</graphicData>
		<menuHidden>true</menuHidden>
		<description>H/PJ-14M型火炮。</description>
		<soundInteract>Interact_Rifle</soundInteract>
		<tradeability>None</tradeability>
		<destroyOnDrop>true</destroyOnDrop>
		<useHitPoints>false</useHitPoints>
		<statBases>
			<AccuracyTouch>0.99</AccuracyTouch>
			<AccuracyShort>0.9</AccuracyShort>
			<AccuracyMedium>0.8</AccuracyMedium>
			<AccuracyLong>0.7</AccuracyLong>
			<RangedWeapon_Cooldown>1</RangedWeapon_Cooldown>
			<DeteriorationRate>0</DeteriorationRate>
			<Mass>40</Mass>
			<Flammability>0</Flammability>
		</statBases>
		<weaponTags Inherit="false">
			<li>TurretGun</li>
		</weaponTags>
		<verbs>
			<li>
				<verbClass>CIWSDefense.CIWSAnesthetic</verbClass>
				<hasStandardCommand>true</hasStandardCommand>
				<defaultProjectile>Bullet_CIWSAnesthetic</defaultProjectile>
				<warmupTime>1.5</warmupTime>
				<range>29</range>
				<minRange>0</minRange>
				<ticksBetweenBurstShots>2</ticksBetweenBurstShots>
				<burstShotCount>1</burstShotCount>
				<soundCast>GunShotA</soundCast>
				<soundCastTail>GunTail_Light</soundCastTail>
				<muzzleFlashScale>1</muzzleFlashScale>
				<consumeFuelPerShot>1</consumeFuelPerShot><!--消耗弹药数量-->
			</li>
		</verbs>
	</ThingDef>

</Defs>