﻿<?xml version="1.0" encoding="utf-8" ?>
<Defs>

	<!--================================ Tier 2: Non-electric ====================================-->

	<ResearchProjectDef>
		<defName>CIWS_HPJAB</defName>
		<label>近防系统-高级防御塔</label>
		<description>对防御塔进行改造，现在可以建造H/PJ-A-2型高级防御塔。</description>
		<baseCost>5000</baseCost>
		<techLevel>Industrial</techLevel>
		<prerequisites>
			<li>GunTurrets</li>
		</prerequisites>
		<researchViewX>0</researchViewX>
		<researchViewY>2</researchViewY>
		<tab>CIWS</tab>
	</ResearchProjectDef>

</Defs>